{"cameraMode":{"drawMode":0,"name":"Shaded","section":"Shading Mode"},"sceneLighting":true,"audioPlay":false,"sceneViewState":{"m_AlwaysRefresh":false,"showFog":true,"showSkybox":true,"showFlares":true,"showImageEffects":true,"showParticleSystems":true,"showVisualEffectGraphs":true,"m_FxEnabled":true},"in2DMode":false,"pivot":{"x":1.0600733757019044,"y":13.974292755126954,"z":1.174936056137085},"rotation":{"x":0.0028761979192495348,"y":0.48109692335128786,"z":0.0015975049464032055,"w":-0.8766860365867615},"size":3.414142608642578,"orthographic":false}