{"cameraMode":{"drawMode":0,"name":"Shaded","section":"Shading Mode"},"sceneLighting":true,"audioPlay":false,"sceneViewState":{"m_AlwaysRefresh":false,"showFog":true,"showSkybox":true,"showFlares":true,"showImageEffects":true,"showParticleSystems":true,"showVisualEffectGraphs":true,"m_FxEnabled":true},"in2DMode":false,"pivot":{"x":2.1235766410827638,"y":8.226225852966309,"z":1.3612034320831299},"rotation":{"x":-0.09615609049797058,"y":-0.009856614284217358,"z":0.0009521542233414948,"w":-0.9953173995018005},"size":11.41415023803711,"orthographic":false}