{"cameraMode":{"drawMode":0,"name":"Shaded","section":"Shading Mode"},"sceneLighting":true,"audioPlay":false,"sceneViewState":{"m_AlwaysRefresh":false,"showFog":true,"showSkybox":true,"showFlares":true,"showImageEffects":true,"showParticleSystems":true,"showVisualEffectGraphs":true,"m_FxEnabled":true},"in2DMode":false,"pivot":{"x":5.135996341705322,"y":11.831130981445313,"z":3.4742274284362795},"rotation":{"x":-0.13038209080696107,"y":0.028845099732279779,"z":-0.003793863346800208,"w":-0.9910410642623901},"size":30.669076919555665,"orthographic":false}